{"train": {"rmse": [0.38705741250757464, 0.37366554041273803, 0.35764821212715125, 0.3391766555938528, 0.32572219935959956, 0.31410235645336676, 0.3024969732588825, 0.29082404976417914, 0.2783474927834075, 0.27003550313846303, 0.2600263637392074, 0.2529887246981647, 0.24564951243855532, 0.23572892865024173, 0.23001747949909196, 0.22375961111489664, 0.21730435386401675, 0.2124260852785539, 0.20811635453267754, 0.20343143722797774, 0.19770720620113358, 0.1945136158431703, 0.1901552612483806, 0.18645779824551117, 0.18159580648671575, 0.17876327190963698, 0.17657827689860267, 0.17132315930283634, 0.16792512662178713, 0.1649489573153175, 0.16281774774940255, 0.1590065405057275, 0.1553601802969956, 0.15211488013932883, 0.14977004500216615, 0.14671780896195027, 0.14458430552422347, 0.1421014382485363, 0.1403569302493389, 0.13729149987984707, 0.13468720823637198, 0.1333141416636842, 0.131842927198257, 0.1292166393380174, 0.12785474868514687, 0.1260842423167599, 0.12418006700304178, 0.12199750038303742, 0.12086219623867889, 0.11969178755365589, 0.11849297510519213, 0.1175840633101051, 0.11576677805250958, 0.11481088983798668, 0.11403261023906701, 0.11262797822567909, 0.1111069296915019, 0.10965030606067361, 0.10843794815973883, 0.10726883740168958, 0.10600919583323706, 0.1050299239198301, 0.10349255746016661, 0.10208893222888794, 0.10180451807789101, 0.10118223888971523, 0.10025736396418479, 0.09914734546961256, 0.09758822892340906, 0.09661806122135025, 0.09544096571651547, 0.09501116764038323, 0.09394054361021993, 0.09345075563073098, 0.09274649347797835, 0.09177198015325623, 0.0910237908898551, 0.09075556464491413, 0.09054132943522979, 0.09026676388312802, 0.08928014437733893, 0.0889247765531498, 0.08804219853059797, 0.08709788030428516, 0.08679773008964825, 0.08607612984907445, 0.08545962411782966, 0.08466426023649051, 0.0839298193809653, 0.0833778128932628, 0.08270220726908288, 0.08240057554945403, 0.08174027895607251, 0.08146952072287808, 0.08044576877053122, 0.08007150124384096, 0.07928342878648131, 0.07880402117222768, 0.07819903170327178, 0.07732801090915431], "mae": [0.313413037378111, 0.3021687977475884, 0.28683950577253176, 0.26864783576241247, 0.2558257289138841, 0.24547053413626588, 0.23516707885780452, 0.22346061514115628, 0.21204485919004606, 0.2020619101362464, 0.19398583600550523, 0.18731529403615882, 0.18177143015243388, 0.17223919785501043, 0.16545768900785918, 0.15971296476085245, 0.15309576996038726, 0.14798830302409183, 0.1444819749183493, 0.14019811068328075, 0.13573108803204917, 0.1329873861676013, 0.12943890844874176, 0.12643684711261297, 0.12248385449250539, 0.11869248348851631, 0.11632068667928745, 0.1130536685778219, 0.11089580291077311, 0.10809837011505424, 0.10603395069914835, 0.10395263958676362, 0.10294395073512454, 0.10047329350570101, 0.09890864945856141, 0.09686166241213127, 0.09504581026640939, 0.09269995497608627, 0.09142061387315209, 0.0897745162156629, 0.08841640414831078, 0.087437799660328, 0.08634351881473888, 0.08429767044238103, 0.08368257173325544, 0.08258518153502617, 0.08199740435790133, 0.08074680513437883, 0.08011416033094312, 0.07903165719759317, 0.07803300478392178, 0.0773429047362304, 0.07645121853752637, 0.07563423706839482, 0.07526803447830456, 0.07443366640097933, 0.07362157077655013, 0.07286656278840921, 0.07232861681898803, 0.07145957321066547, 0.07096451487576153, 0.07048912771782022, 0.0696616675014849, 0.0691657993528578, 0.06846948356632097, 0.06770562481733015, 0.06715447681001675, 0.06622144152168874, 0.06534956163370315, 0.06433075921678985, 0.0637510444417044, 0.06322695843783425, 0.06242443892506905, 0.06216959298852785, 0.06175976483450259, 0.0612019384164869, 0.06045358368184096, 0.06012452674316771, 0.0599792703618238, 0.05975492153730658, 0.05898041894406448, 0.05860742629954108, 0.05820260429179963, 0.0576419099751446, 0.05740241323494249, 0.05686715782194594, 0.05633316120063817, 0.05573572677180723, 0.05527350034012839, 0.05493866664897881, 0.05436460778439119, 0.05403863671983098, 0.05366587391652075, 0.05334244505214839, 0.05290742294379958, 0.05252683459332696, 0.05195059155884348, 0.05152474718605295, 0.05113613479023362, 0.05058809123749351], "mape": [3.837965938964008, 3.599288284922318, 3.3880629218988303, 3.129720533847303, 2.939178187515081, 2.7464928016020558, 2.5610873242035326, 2.3788999081301836, 2.2385261978862094, 2.063978886944644, 1.9467339511086912, 1.8576685767275867, 1.7783945826008731, 1.646176756532104, 1.5341846532659766, 1.451517863728014, 1.3902426575896916, 1.331749799258915, 1.2824578952320196, 1.2244471199573363, 1.1626560699279467, 1.1521187959767787, 1.1140710120951687, 1.0890574987753536, 1.0604868234727347, 1.0126412202040722, 0.9651093641985897, 0.9509329015711023, 0.9227847064051915, 0.9188254452224269, 0.9219289529079824, 0.9161589620922359, 0.9281313154375019, 0.9152165381755266, 0.8990777789868046, 0.8861152502394821, 0.8796976469931435, 0.8439453593584605, 0.8403839773949765, 0.8358261028540401, 0.8433953810190024, 0.84155451674388, 0.841803207171414, 0.8164245683964296, 0.8199830632369367, 0.8126820965532076, 0.8256399654208418, 0.8377226615773031, 0.829769721984458, 0.8057533250485668, 0.8048342857021195, 0.8118916751247727, 0.8148953343229943, 0.8068589849460778, 0.7989608277681709, 0.8081303640487202, 0.8065157327226099, 0.8110458481320997, 0.8252726438351803, 0.8046234533173481, 0.8026871055186393, 0.7788425642266915, 0.7652566371238388, 0.7768464990558079, 0.7605830204765094, 0.7527356139660157, 0.7446171255195858, 0.7303647894101838, 0.7213100809201506, 0.7001278512582275, 0.6980671549135428, 0.6883067057272534, 0.6946571894639666, 0.7051300784647695, 0.7029652855284282, 0.6989029163730411, 0.6883867461741672, 0.6852417495015457, 0.6743621836634882, 0.6708957555669325, 0.6580426184364226, 0.6556180405694946, 0.6560983360043646, 0.6564457525648637, 0.656909648579097, 0.6531169817604723, 0.6567622997458841, 0.6509868555851741, 0.6468252706697878, 0.6391551853588747, 0.6284797745325638, 0.6249990493927243, 0.6205897272685198, 0.6121137044909928, 0.6236470120119644, 0.612056068432184, 0.6098478176281787, 0.5973854791725135, 0.5979906043941787, 0.5875138389873663]},